currency1,currency2,ratio,timeframe
ONT/USDT,XEM/USDT,5.411158473406742,1d
1INCH/USDT,LINA/USDT,67.86238699637076,1d
TOMO/USDT,ZEN/USDT,0.0298319995175481,1d
COMP/USDT,XVS/USDT,12.303399630874836,1d
CELO/USDT,ICX/USDT,3.1492593121379224,1d
ATA/USDT,TRU/USDT,2.095803396583701,1d
DENT/USDT,HBAR/USDT,0.0141957381220482,1d
GRT/USDT,KSM/USDT,0.0023427382774965,1d
ALICE/USDT,CKB/USDT,624.2037001292294,1d
BAKE/USDT,REN/USDT,2.026266735907729,1d
